Workbook

Sheet シート1_得点一覧
A1: 競技名 | B1: 1位 | C1: 2位 | D1: 3位 | E1: 試合数 | F1: 得点の合計
A2: 第1競技 | B2: 20 | C2: 10 | D2: 5 | E2: 20 | F2: =SUM(B2:D2)*E2 -> 700
A3: 第2競技 | B3: 100 | C3: 50 | D3: 25 | E3: 1 | F3: =SUM(B3:D3)*E3 -> 175
A4: 第3競技 | B4: 30 | C4: 15 | D4: 5 | E4: 2 | F4: =SUM(B4:D4)*E4 -> 100
A5: 第7競技 | B5: 20 | C5: 10 | D5: 5 | E5: 12 | F5: =SUM(B5:D5)*E5 -> 420
A6: 第8競技 | B6: 20 | C6: 10 | D6: 5 | E6: 17 | F6: =SUM(B6:D6)*E6 -> 595
A7: 第9競技 | B7: 40 | C7: 20 | D7: 10 | E7: 5 | F7: =SUM(B7:D7)*E7 -> 350

Sheet シート2_第1競技順位
A1: 第1競技 | C1: 試合数 | D1: =VLOOKUP(A1,シート1_得点一覧!A1:E6,5) -> 20
A2: 試合番号 | B2: 1位 | C2: 2位 | D2: 3位 | E2: 確認
A3: 1 | B3: a | C3: d | D3: b | E3: =IF(OR(B3=C3,B3=D3,C3=D3),"重複","")
A4: =IF(A3<$D$1,A3+1,"") -> 2 | B4: c | C4: a | D4: c | E4: =IF(OR(B4=C4,B4=D4,C4=D4),"重複","") -> 重複
A5: =IF(A4<$D$1,A4+1,"") -> 3 | B5: b | C5: e | D5: c | E5: =IF(OR(B5=C5,B5=D5,C5=D5),"重複","")
A6: =IF(A5<$D$1,A5+1,"") -> 4 | B6: f | C6: a | D6: d | E6: =IF(OR(B6=C6,B6=D6,C6=D6),"重複","")
A7: =IF(A6<$D$1,A6+1,"") -> 5 | B7: c | C7: f | D7: a | E7: =IF(OR(B7=C7,B7=D7,C7=D7),"重複","")
A8: =IF(A7<$D$1,A7+1,"") -> 6 | B8: a | C8: d | D8: b | E8: =IF(OR(B8=C8,B8=D8,C8=D8),"重複","")
A9: =IF(A8<$D$1,A8+1,"") -> 7 | B9: c | C9: a | D9: c | E9: =IF(OR(B9=C9,B9=D9,C9=D9),"重複","") -> 重複
A10: =IF(A9<$D$1,A9+1,"") -> 8 | B10: b | C10: e | D10: c | E10: =IF(OR(B10=C10,B10=D10,C10=D10),"重複","")
A11: =IF(A10<$D$1,A10+1,"") -> 9 | B11: f | C11: a | D11: d | E11: =IF(OR(B11=C11,B11=D11,C11=D11),"重複","")
A12: =IF(A11<$D$1,A11+1,"") -> 10 | B12: c | C12: f | D12: a | E12: =IF(OR(B12=C12,B12=D12,C12=D12),"重複","")
A13: =IF(A12<$D$1,A12+1,"") -> 11 | B13: a | C13: d | D13: b | E13: =IF(OR(B13=C13,B13=D13,C13=D13),"重複","")
A14: =IF(A13<$D$1,A13+1,"") -> 12 | B14: c | C14: a | D14: c | E14: =IF(OR(B14=C14,B14=D14,C14=D14),"重複","") -> 重複
A15: =IF(A14<$D$1,A14+1,"") -> 13 | B15: b | C15: e | D15: c | E15: =IF(OR(B15=C15,B15=D15,C15=D15),"重複","")
... A22: =IF(A21<$D$1,A21+1,"") -> 20 | B22: c | C22: f | D22: a | E22: =IF(OR(B22=C22,B22=D22,C22=D22),"重複","")
A23: =IF(A22<$D$1,A22+1,"")

Sheet シート3_総合結果
A1: クラス名 | B1: 総合順位 | C1: 合計得点 | D1: 第1競技 | E1: 第2競技 | F1: 第3競技 | G1: 第7競技 | H1: 第8競技 | I1: 第9競技
A2: a | B2: 1 | C2: 700 | D2: =COUNTIF(シート2_第1競技順位!B$3:B22,A2)*シート1_得点一覧!B$2 -> 80 | E2: 25 | F2: 15 | G2: 75 | H2: 110 | I2: 80
A3: b | B3: 3 | C3: 585 | D3: =COUNTIF(シート2_第1競技順位!B$3:B23,A3)*シート1_得点一覧!B$2 -> 80 | E3: 0 | F3: 15 | G3: 70 | H3: 115 | I3: 50
A4: c | B4: 3 | C4: 585 | D4: =COUNTIF(シート2_第1競技順位!B$3:B24,A4)*シート1_得点一覧!B$2 -> 160 | E4: 100 | F4: 0 | G4: 50 | H4: 95 | I4: 40
A5: d | B5: 6 | C5: 380 | D5: =COUNTIF(シート2_第1競技順位!B$3:B25,A5)*シート1_得点一覧!B$2 -> 0 | E5: 0 | F5: 5 | G5: 50 | H5: 55 | I5: 30
A6: e | B6: 5 | C6: 570 | D6: =COUNTIF(シート2_第1競技順位!B$3:B26,A6)*シート1_得点一覧!B$2 -> 0 | E6: 50 | F6: 30 | G6: 85 | H6: 100 | I6: 50
A7: f | B7: 2 | C7: 670 | D7: =COUNTIF(シート2_第1競技順位!B$3:B27,A7)*シート1_得点一覧!B$2 -> 80 | E7: 0 | F7: 35 | G7: 90 | H7: 120 | I7: 100
A8: 合計 | C8: 700 | D8: 175 | E8: 100 | F8: 420 | G8: 595 | H8: 350

Sheet シート4_合計得点差一覧
B2: 総合順位 | C2: クラス名 | D2: a | E2: b | F2: c | G2: d | H2: e | I2: f
C3: a | D3: 0 | E3: 115 | F3: 115 | G3: 320 | H3: 130 | I3: 30
C4: b | D4: -115 | E4: 0 | F4: 0 | G4: 205 | H4: 15 | I4: -85
C5: c | D5: -115 | E5: 0 | F5: 0 | G5: 205 | H5: 15 | I5: -85
C6: d | D6: -320 | E6: -205 | F6: -205 | G6: 0 | H6: -190 | I6: -290
C7: e | D7: -130 | E7: -15 | F7: -15 | G7: 190 | H7: 0 | I7: -100
C8: f | D8: -30 | E8: 85 | F8: 85 | G8: 290 | H8: 100 | I8: 0
